{"cameraMode":{"drawMode":0,"name":"Shaded","section":"Shading Mode"},"sceneLighting":true,"audioPlay":false,"sceneViewState":{"m_AlwaysRefresh":false,"showFog":true,"showSkybox":true,"showFlares":true,"showImageEffects":true,"showParticleSystems":true,"showVisualEffectGraphs":true,"m_FxEnabled":true},"in2DMode":false,"pivot":{"x":0.004934787750244141,"y":-0.5606234073638916,"z":-0.0062408447265625},"rotation":{"x":-0.1715400516986847,"y":-0.3322800099849701,"z":0.061674565076828,"w":-0.9254281520843506},"size":1.4290423393249512,"orthographic":false}