{"cameraMode":{"drawMode":0,"name":"Shaded","section":"Shading Mode"},"sceneLighting":true,"audioPlay":false,"sceneViewState":{"m_AlwaysRefresh":false,"showFog":true,"showSkybox":true,"showFlares":true,"showImageEffects":true,"showParticleSystems":true,"showVisualEffectGraphs":true,"m_FxEnabled":true},"in2DMode":false,"pivot":{"x":-6.429368495941162,"y":0.5586903095245361,"z":-5.067744731903076},"rotation":{"x":-0.030307361856102945,"y":0.010755163617432118,"z":-0.00015291347517631948,"w":-0.9995183348655701},"size":1.860959768295288,"orthographic":false}