{"cameraMode":{"drawMode":0,"name":"Shaded","section":"Shading Mode"},"sceneLighting":true,"audioPlay":false,"sceneViewState":{"m_AlwaysRefresh":false,"showFog":true,"showSkybox":true,"showFlares":true,"showImageEffects":true,"showParticleSystems":true,"showVisualEffectGraphs":true,"m_FxEnabled":true},"in2DMode":false,"pivot":{"x":-3.0810208320617677,"y":0.6620633602142334,"z":0.0000013113021850585938},"rotation":{"x":-0.04528830945491791,"y":0.021243197843432428,"z":-0.0008549602353014052,"w":-0.9987810850143433},"size":5.334082126617432,"orthographic":false}