{"cameraMode":{"drawMode":0,"name":"Shaded","section":"Shading Mode"},"sceneLighting":true,"audioPlay":false,"sceneViewState":{"m_AlwaysRefresh":false,"showFog":true,"showSkybox":true,"showFlares":true,"showImageEffects":true,"showParticleSystems":true,"showVisualEffectGraphs":true,"m_FxEnabled":true},"in2DMode":false,"pivot":{"x":-1.0183563232421876,"y":0.39326417446136477,"z":-4.862078666687012},"rotation":{"x":-0.3410244882106781,"y":-0.0036690901033580305,"z":0.0013472430873662234,"w":-0.9400750398635864},"size":6.537071704864502,"orthographic":false}